<?xml version="1.0" encoding="UTF-8"?><rsd version="1.0" xmlns="http://archipelago.phrasewise.com/rsd">
	<service>
		<engineName>WordPress</engineName>
		<engineLink>https://wordpress.org/</engineLink>
		<homePageLink>https://novodispositivo.fun</homePageLink>
		<apis>
			<api name="WordPress" blogID="1" preferred="true" apiLink="https://novodispositivo.fun/xmlrpc.php" />
			<api name="Movable Type" blogID="1" preferred="false" apiLink="https://novodispositivo.fun/xmlrpc.php" />
			<api name="MetaWeblog" blogID="1" preferred="false" apiLink="https://novodispositivo.fun/xmlrpc.php" />
			<api name="Blogger" blogID="1" preferred="false" apiLink="https://novodispositivo.fun/xmlrpc.php" />
				<api name="WP-API" blogID="1" preferred="false" apiLink="https://novodispositivo.fun/wp-json/" />
			</apis>
	</service>
</rsd>
	